no	phrase	url
1	I WOULDN'T EVEN KNOW WHERE TO START	https://www.youtube.com/shorts/xOGL7_knAyg
2	YOUR GUESS IS AS GOOD AS MINE	https://www.youtube.com/shorts/B4j3i5W4lfc
3	WORKS LIKE A CHARM	https://www.youtube.com/shorts/xNx0VsGPYlI
4	THAT'S NOT A THING	https://www.youtube.com/shorts/tUAHzvO7nxc
5	I'M WITH YOU SO FAR	https://www.youtube.com/shorts/WtYJH0N0BNo
6	THAT DOES IT	https://www.youtube.com/shorts/madiKAnQslA
7	IS THAT RIGHT?	https://www.youtube.com/shorts/m4xqO3oxJQI
8	COMES WITH THE TERRITORY	https://www.youtube.com/shorts/vDjn7uwvgEQ
9	WOULDN'T THAT BE SOMETHING?	https://www.youtube.com/shorts/_ONdvsvycik
10	WHO AM I KIDDING?	https://www.youtube.com/shorts/GsrM81O0x6I
11	THAT'S A BIG IF	https://www.youtube.com/shorts/gtCUMeUjWW0
12	ONE LESS THING TO WORRY ABOUT	https://www.youtube.com/shorts/zb2i_BMD6Jg
13	NOT BY A LONG SHOT	https://www.youtube.com/shorts/X70Pw7FUwl8
14	DON'T HOLD THAT AGAINST ME	https://www.youtube.com/shorts/p8amDqyC7WI
15	I WOULDN'T COUNT ON IT	https://www.youtube.com/shorts/SR-Dhiu2tnY
16	I REST MY CASE	https://www.youtube.com/shorts/VOF6ntV8oXc
17	GET A LOAD OF THIS	https://www.youtube.com/shorts/vx1lP2q2JW0
18	I'LL GRANT YOU THAT	https://www.youtube.com/shorts/41xouw08M9s
19	COULD'VE FOOLED ME	https://www.youtube.com/shorts/AKse2KXC5m8
20	YOU TOOK THE WORDS RIGHT OUT OF MY MOUTH	https://www.youtube.com/shorts/wAt3gf1bj2M
21	YOU'RE ON THIN ICE	https://www.youtube.com/shorts/LnK8OwfQYS8
22	DON'T SELL YOURSELF SHORT	https://www.youtube.com/shorts/js0l3I-2GBs
23	HOW'S THAT WORKING OUT FOR YOU?	https://www.youtube.com/shorts/GBdBEaIiouY
24	AIN'T THAT THE TRUTH?	https://www.youtube.com/shorts/jk5R3AT_PTQ
25	I HEAR THAT	https://www.youtube.com/shorts/liKY3lOSVYo
26	THAT'S NOT HOW THIS WORKS	https://www.youtube.com/shorts/xw6K6sjwVYQ
27	I WALKED RIGHT INTO THAT ONE	https://www.youtube.com/shorts/IFtcsvl2Yh8
28	I'LL TAKE THAT AS A YES	https://www.youtube.com/shorts/2vMWnkz8ufU
29	WHAT ELSE IS NEW?	https://www.youtube.com/shorts/XwdB__DA87M
30	THAT'S A HARD PASS	https://www.youtube.com/shorts/aJsQhTUHamo
31	I CAN'T QUITE PLACE IT	https://www.youtube.com/shorts/2lmbXciB0V8
32	I'M GONNA WING IT	https://www.youtube.com/shorts/l2_ZqRJ8rZE
33	I'M NOT CUT OUT FOR THIS	https://www.youtube.com/shorts/ffdYsDjjlxE
34	I'LL SIT THIS ONE OUT	https://www.youtube.com/shorts/Dej_o4Z1lds
35	WE'RE WAY PAST THAT	https://www.youtube.com/shorts/sbYaHNChQbQ
36	IT CUTS BOTH WAYS	https://www.youtube.com/shorts/0KMB_Wvx0e8
37	I CAN'T KEEP THIS UP	https://www.youtube.com/shorts/AL-3d2_Quws
38	THAT ABOUT COVERS IT	https://www.youtube.com/shorts/Z5F6htERzko
39	CAN'T WIN THEM ALL	https://www.youtube.com/shorts/2KpBTVnNZ1M
40	I'M GONNA HOLD YOU TO THAT	https://www.youtube.com/shorts/R--1gnRuQmc
41	APPARENTLY NOT	https://www.youtube.com/shorts/MkF2FA6znF8
42	YOU'RE ASKING FOR TROUBLE	https://www.youtube.com/shorts/3SR1z4zqs5k
43	THAT SHOULD DO IT	https://www.youtube.com/shorts/g435w4YCIrM
44	IT'S NOT OVER YET	https://www.youtube.com/shorts/-UNRNSFkJDg
45	THAT'S BENEATH YOU	https://www.youtube.com/shorts/ccDih99bPT8
46	THAT'S THAT	https://www.youtube.com/shorts/2FUL_74KPB0
47	I WASN'T BORN YESTERDAY	https://www.youtube.com/shorts/x9lX48EU3QA
48	I'M GETTING THERE	https://www.youtube.com/shorts/4aF_sYmGwb8
49	WHAT GIVES?	https://www.youtube.com/shorts/dh83eGasa9A
50	YOU ARE IMPOSSIBLE	https://www.youtube.com/shorts/5PPfCHOdb9I
51	SO MUCH FOR THAT	https://www.youtube.com/shorts/MSu5aho-RfY
52	DON'T TEMPT ME	https://www.youtube.com/shorts/99UYJAncbes
53	THIS AIN'T IT	https://www.youtube.com/shorts/psGlJ1mWDjs
54	THE SKY'S THE LIMIT	https://www.youtube.com/shorts/ltjAx3Rz8D0
55	THAT'S MESSED UP	https://www.youtube.com/shorts/1h8UTnGPGKs
56	WHAT DO THEY HAVE ON YOU?	https://www.youtube.com/shorts/OMKfZUVWkGk
57	YOU REALIZE THAT, RIGHT?	https://www.youtube.com/shorts/JfV_U_8MbbY
58	YOU CAUGHT ME OFF GUARD	https://www.youtube.com/shorts/ijqxDY5H1VM
59	DON'T PUSH YOUR LUCK	https://www.youtube.com/shorts/p5lx2aiqJa8
60	GET REAL	https://www.youtube.com/shorts/K7RnLZKOc2k
61	WHERE DO YOU GET OFF?	https://www.youtube.com/shorts/PNR6dys6cl4
62	THAT'S EASIER SAID THAN DONE	https://www.youtube.com/shorts/cN_0rrcqUmI
63	THAT'S A NEW LOW	https://www.youtube.com/shorts/73Pl9FmqW-Q
64	I'M ONTO SOMETHING	https://www.youtube.com/shorts/OkeVp_4dh_M
65	LET'S KEEP IT SIMPLE	https://www.youtube.com/shorts/JwSnUGGQOwI
66	I'M NOT BUYING IT	https://www.youtube.com/shorts/NYo8f38Hf0k
67	YOU'VE LOST ME	https://www.youtube.com/shorts/rD6o_LyGB-U
68	THAT'S A TOUGH SELL	https://www.youtube.com/shorts/rTpnbRFWZus
69	I HAD IT COMING	https://www.youtube.com/shorts/txHw9oE34IU
70	I'M CALLING YOUR BLUFF	https://www.youtube.com/shorts/R80D7heWx88
71	WHY BOTHER?	https://www.youtube.com/shorts/-zD0IQEZyk4
72	I'LL LET IT SLIDE THIS TIME	https://www.youtube.com/shorts/2v_ju0RnlNk
73	I'M A LITTLE ON EDGE	https://www.youtube.com/shorts/owhXVsfsGTw
74	SERVES YOU RIGHT	https://www.youtube.com/shorts/jxRjQqygrNc
75	WHAT ARE YOU DOING UP?	https://www.youtube.com/shorts/-bCY_WhYS6Q
76	YOU GOT ME THERE	https://www.youtube.com/shorts/1Wmk70w5TtA
77	THAT'S CUTTING IT CLOSE	https://www.youtube.com/shorts/AMWeeqaFfmc
78	WHAT'S ON YOUR MIND?	https://www.youtube.com/shorts/hB-Iu7uqp4Q
79	THAT CAME OUT WRONG	https://www.youtube.com/shorts/b1ca1kuOqwA
80	LEAVE IT WITH ME	https://www.youtube.com/shorts/Cl1YRIRgnpc
81	YOU'RE FULL OF IT	https://www.youtube.com/shorts/csyLcm2CkFw
82	THAT'S NOT GONNA FLY	https://www.youtube.com/shorts/1MvmkVF8H7c
83	WHAT ARE YOU AFRAID OF?	https://www.youtube.com/shorts/V03ZqZ02Rac
84	PICK YOUR BATTLES	https://www.youtube.com/shorts/BZ21flqyNPg
85	I DIDN'T SIGN UP FOR THIS	https://www.youtube.com/shorts/b8AUl9zmbkI
86	I'LL LET YOU CATCH UP	https://www.youtube.com/shorts/UIigzJr9fv8
87	YOU HAVE NO IDEA WHAT YOU'RE UP AGAINST	https://www.youtube.com/shorts/EDT_-Akj1CE
88	THAT CHECKS OUT	https://www.youtube.com/shorts/1_lLhh9FgV4
89	WHAT'S YOUR TAKE?	https://www.youtube.com/shorts/L1NdI_9A4c0
90	IT KIND OF IS	https://www.youtube.com/shorts/BFD-7LMGrV0
91	SAME OLD SAME OLD	https://www.youtube.com/shorts/wqKO8F9lrl0
92	THIS HAS NOTHING TO DO WITH YOU	https://www.youtube.com/shorts/_HSjgEh0Wb4
93	I WAS JUST ABOUT TO	https://www.youtube.com/shorts/-sKuySEIdgc
94	DO YOU WANT SOME COMPANY?	https://www.youtube.com/shorts/t8x0OW6Hs1Y
95	COME AGAIN?	https://www.youtube.com/shorts/88KBs1qogwU
96	THAT'S ONE WAY TO PUT IT	https://www.youtube.com/shorts/vbwe3vySaGc
97	ANY DAY NOW	https://www.youtube.com/shorts/voupWmzz-zw
98	WHY WOULD YOU DO A THING LIKE THAT?	https://www.youtube.com/shorts/3CTmUCV24Cs
99	LET ME CUT TO THE CHASE	https://www.youtube.com/shorts/SfrvslBtj9c
100	FIRE AWAY	https://www.youtube.com/shorts/6CIEWnqNSH0
101	HOW WOULD YOU KNOW THAT?	https://www.youtube.com/shorts/uP_Wptp3k3E
102	ARE WE STILL ON FOR TOMORROW?	https://www.youtube.com/shorts/Y7R3dl-fweI
103	I LIKE THAT ABOUT YOU	https://www.youtube.com/shorts/kEBUg4lRKR0
104	LET ME GET BACK TO YOU	https://www.youtube.com/shorts/d_fYYDUxeAg
105	STAY IN YOUR LANE	https://www.youtube.com/shorts/iWjQ3aQlxm4
106	NOT EVEN A LITTLE	https://www.youtube.com/shorts/h8YtplQj1jw
107	CAN YOU HANDLE THIS?	https://www.youtube.com/shorts/aRg8D1kFjDs
108	I WOULDN'T SAY THAT	https://www.youtube.com/shorts/EdanBsQlap8
109	WE'LL FIGURE IT OUT	https://www.youtube.com/shorts/SWcvupCH8Ic
110	WHAT HAVE YOU BEEN UP TO?	https://www.youtube.com/shorts/W4mcaLc_P9c
111	HOW DID WE GET HERE?	https://www.youtube.com/shorts/d9n6x5B3DuM
112	DON'T HOLD YOUR BREATH	https://www.youtube.com/shorts/KhNPIE-hxTQ
113	COULD YOU SPEAK UP?	https://www.youtube.com/shorts/kgaVjk0vMBE
114	WHAT DO YOU RECKON?	https://www.youtube.com/shorts/ODqlltVUZ3k
115	TRUST YOUR GUT	https://www.youtube.com/shorts/wOLJBMVLHqU
116	WHAT'S THAT ABOUT?	https://www.youtube.com/shorts/5aedDSymAH0
117	SUIT YOURSELF	https://www.youtube.com/shorts/kh8hO_hQJAI
118	LET'S JUST LEAVE IT AT THAT	https://www.youtube.com/shorts/caJ-UazCEYw
119	HOW BAD CAN IT BE?	https://www.youtube.com/shorts/y7AH6SYyPrw
120	THERE'S NO SHAME IN IT	https://www.youtube.com/shorts/BwfU0q-8g5c
121	HOW IS IT COMING ALONG?	https://www.youtube.com/shorts/oWr3Idbu0ko
122	DON'T LET IT GO TO YOUR HEAD	https://www.youtube.com/shorts/KFn4qzIcmsk
123	YOU'LL GET THROUGH THIS	https://www.youtube.com/shorts/-jsrJURf9P0
124	WHERE DO WE STAND?	https://www.youtube.com/shorts/q3T83ZDcS-M
125	I WOULDN'T BET ON IT	https://www.youtube.com/shorts/qGwDSvise24
126	NEVER HURTS TO ASK	https://www.youtube.com/shorts/QgARCnse8Xw
127	WHAT'S YOUR DEAL?	https://www.youtube.com/shorts/FCxHOoPtLCQ
128	IT LOOKS LIKE IT	https://www.youtube.com/shorts/_vPcW21QbW0
129	THAT'S A STRETCH	https://www.youtube.com/shorts/sHp5WO5PgsI
130	I'LL TAKE IT	https://www.youtube.com/shorts/6UD0x8nlFYM
131	LET'S AGREE TO DISAGREE	https://www.youtube.com/shorts/Wzk1iYNvZSo
132	DON'T PUT THIS ON ME	https://www.youtube.com/shorts/wtn1Ci_SdWY
133	THERE'S NO TURNING BACK	https://www.youtube.com/shorts/VbBrpqWXolI
134	YOU COULDN'T POSSIBLY UNDERSTAND	https://www.youtube.com/shorts/KhYV7T0YSq8
135	I'LL TAKE A RAIN CHECK	https://www.youtube.com/shorts/BV7vNf8iu80
136	THERE'S A LOT GOING ON	https://www.youtube.com/shorts/t7h0ttv2M-Q
137	I MEAN... YEAH	https://www.youtube.com/shorts/SnlaZNdfvqo
138	YOU WON'T GET AWAY WITH THIS	https://www.youtube.com/shorts/Ob0fEjAg4MI
139	IT WAS MEANT TO BE	https://www.youtube.com/shorts/OagMKU-3I0A
140	IT'S ABOVE MY PAY GRADE	https://www.youtube.com/shorts/LPAsN35iJEI
141	IS THIS WHAT YOU WANT?	https://www.youtube.com/shorts/Rz3ocsSp4GU
142	ARE YOU GETTING COLD FEET?	https://www.youtube.com/shorts/jty5-4cgDAM
143	HOW MUCH DO I OWE YOU?	https://www.youtube.com/shorts/kGjfYxKQUzU
144	THAT FIGURES	https://www.youtube.com/shorts/oi1gnczaYA8
145	IT'S THE THOUGHT THAT COUNTS	https://www.youtube.com/shorts/UUC4IV16k8Q
146	COULD YOU KEEP IT DOWN?	https://www.youtube.com/shorts/nlLaZO4WfdM
147	WHO DO YOU THINK YOU ARE?	https://www.youtube.com/shorts/UL0BJa-ZgW0
148	I'LL KEEP YOU POSTED	https://www.youtube.com/shorts/0RLeJ304Au0
149	I'LL SEE WHAT I CAN DO	https://www.youtube.com/shorts/LZ_4u5WwHcA
150	THE CAT'S OUT OF THE BAG	https://www.youtube.com/shorts/QgOwRW2Uwdc
151	YOU JUST MADE MY DAY	https://www.youtube.com/shorts/60kWFQZ3efc
152	HOW DOES THAT SOUND?	https://www.youtube.com/shorts/C7DIN3wysI4
153	WE'RE ON THE SAME PAGE	https://www.youtube.com/shorts/B5Cl57vUdE4
154	WHERE'D YOU GO TO SCHOOL?	https://www.youtube.com/shorts/IVO3Ab2KwEY
155	STEP UP YOUR GAME	https://www.youtube.com/shorts/PXf2UPats-o
156	I'M GETTING THE HANG OF IT	https://www.youtube.com/shorts/Ljkv2YgSCwI
157	I'M GOOD WITH THAT	https://www.youtube.com/shorts/1KQOso4xLus
158	HOPE FOR THE BEST, PREPARE FOR THE WORST	https://www.youtube.com/shorts/GmG79VAToLM
159	CAN I HAVE A WORD WITH YOU?	https://www.youtube.com/shorts/7GW9wpnhUt4
160	IT'S A DONE DEAL	https://www.youtube.com/shorts/XjiJ6z04i4I
161	LET'S PLAY IT BY EAR	https://www.youtube.com/shorts/AJARr4Etxi8
162	YOU'VE GOT SOME NERVE	https://www.youtube.com/shorts/OvjwC3l_340
163	WHAT'S GOTTEN INTO YOU?	https://www.youtube.com/shorts/Ty40Uz-fL-0
164	WHAT DO YOU DO FOR A LIVING?	https://www.youtube.com/shorts/5GF9oZuK1QI
165	LET'S GIVE IT A SHOT	https://www.youtube.com/shorts/uKitPcHOGbI
166	WHAT ARE YOU UP TO?	https://www.youtube.com/shorts/lg703clsSkY
167	WHERE DOES THAT LEAVE US?	https://www.youtube.com/shorts/Wt7cLOA3la4
168	HOW IS THAT RELEVANT?	https://www.youtube.com/shorts/cEPJ9tbbNeI
169	ALL'S WELL THAT ENDS WELL	https://www.youtube.com/shorts/Qa8WXhlcFXY
170	OUT WITH THE OLD, IN WITH THE NEW	https://www.youtube.com/shorts/FXha8FKCAK0
171	WE HAVE A LOT TO CATCH UP ON	https://www.youtube.com/shorts/33xgi1p4PO8
172	THAT'S ON ME	https://www.youtube.com/shorts/vc008noLfwo
173	YOU'RE IN FOR A TREAT	https://www.youtube.com/shorts/OyXivL3qYS0
174	WHERE ARE YOU GOING WITH THIS?	https://www.youtube.com/shorts/UWAIpvDOv3g
175	WHAT MAKES YOU THINK THAT?	https://www.youtube.com/shorts/xfuAr_gKZfo
176	THAT SHIP HAS SAILED	https://www.youtube.com/shorts/sJq3W3SiAzU
177	WHAT DO WE HAVE TO LOSE?	https://www.youtube.com/shorts/eu8efX_m94Y
178	I'M DRAWING A BLANK	https://www.youtube.com/shorts/RPbSwp16g_Y
179	I'M TURNING OVER A NEW LEAF	https://www.youtube.com/shorts/9to9k4Uwa3I
180	THAT TRACKS	https://www.youtube.com/shorts/si_us6wBEXs
181	I KNEW THIS DAY WOULD COME	https://www.youtube.com/shorts/S2aGdHDivh0
182	CUT ME SOME SLACK	https://www.youtube.com/shorts/YxKAnZup8gQ
183	WHAT'S THAT SUPPOSED TO MEAN?	https://www.youtube.com/shorts/qX9SKrlYaIs
184	YOU MIGHT AS WELL GET IT OVER WITH	https://www.youtube.com/shorts/Qdet3nvQzoU
185	YOU COULD DO A LOT WORSE	https://www.youtube.com/shorts/MGrL3KH80DA
186	YOU LOOK FAMILIAR	https://www.youtube.com/shorts/-JPsVwAkdaA
187	CAN WE NOT DO THIS RIGHT NOW?	https://www.youtube.com/shorts/UOIZQRmiK3w
188	WHO ARE WE TO JUDGE?	https://www.youtube.com/shorts/wF5I8ZmS86c
189	WHAT'S IN THIS FOR YOU?	https://www.youtube.com/shorts/tGp5M-gne8M
190	TO WHAT DO I OWE THIS PLEASURE?	https://www.youtube.com/shorts/F2nxsaIKvIw
191	LAY IT ON ME	https://www.youtube.com/shorts/mNJHv4bwRAQ
192	NOT IF I CAN HELP IT	https://www.youtube.com/shorts/96F_jEGwD4c
193	JUST FOR TODAY	https://www.youtube.com/shorts/UoaUG9xca78
194	WHAT DOES THAT PROVE?	https://www.youtube.com/shorts/xWumnZ-Qs5M
195	WHAT IS IT YOU WANT FROM ME?	https://www.youtube.com/shorts/BSDdycHajE4
196	HOW ARE WE LOOKING?	https://www.youtube.com/shorts/YTjNWuQ4HqA
197	YOU'RE PUSHING IT	https://www.youtube.com/shorts/iwkrdrDhgus
198	WHAT DOES THAT HAVE TO DO WITH ANYTHING?	https://www.youtube.com/shorts/OS5hkOy93ck
199	CAN YOU COVER FOR ME?	https://www.youtube.com/shorts/PX5rioMow6Q
200	I'LL BACK YOU UP	https://www.youtube.com/shorts/QHtAr769PIc
201	WHAT'S UP WITH THAT?	https://www.youtube.com/shorts/-M7mmsscj1w
202	HOW FAR ALONG ARE YOU?	https://www.youtube.com/shorts/6fxi3-blWlY
203	I'M ON THE FENCE	https://www.youtube.com/shorts/jgpw3snIT-4
204	THE WRITING'S ON THE WALL	https://www.youtube.com/shorts/RlY6ptKDkzc
205	THAT'S SO RANDOM	https://www.youtube.com/shorts/fuRpx7_4zbc
206	I'VE GOT IT COVERED	https://www.youtube.com/shorts/OH9oS6DH28E
207	A PICTURE'S WORTH A THOUSAND WORDS	https://www.youtube.com/shorts/QnPauI8oSLE
208	YOU'VE GOT THIS	https://www.youtube.com/shorts/ZpJx3wgIbdY
209	WHAT WOULD YOU DO IF YOU WERE ME?	https://www.youtube.com/shorts/PNFVF-OOzKc
210	ARE YOU KEEPING TABS ON ME?	https://www.youtube.com/shorts/SxUr7lXt7Hs
211	YOU MADE YOUR BED	https://www.youtube.com/shorts/6Ia49Juk3V4
212	DON'T GET CUTE WITH ME	https://www.youtube.com/shorts/eaHZ11a_iZM
213	I'LL GET THE BALL ROLLING	https://www.youtube.com/shorts/LRTe-0plJ2M
214	WHAT'S EATING YOU?	https://www.youtube.com/shorts/x17cbpE7rz4
215	NO GOOD DEED GOES UNPUNISHED	https://www.youtube.com/shorts/IWA_e1QgsWk
216	TODAY IS THE DAY	https://www.youtube.com/shorts/iUmQcXWAb9U
217	I'M ON THE CLOCK	https://www.youtube.com/shorts/dpY_kOC7qD4
218	ONE STEP AT A TIME	https://www.youtube.com/shorts/8nr2rYP60EQ
219	NOW YOU'RE SPEAKING MY LANGUAGE	https://www.youtube.com/shorts/D_Yv2tEbQ7o
220	I JUST NEEDED TO VENT	https://www.youtube.com/shorts/Q12fufGxLgs
221	RIP OFF THE BAND-AID	https://www.youtube.com/shorts/8iUI9v7ayQg
222	THAT WAS A CLOSE CALL	https://www.youtube.com/shorts/RG65g0rLT5U
223	WHAT ARE YOU GETTING AT?	https://www.youtube.com/shorts/TIC7cc696UE
224	LET'S JUST CALL IT QUITS	https://www.youtube.com/shorts/lL29v8H5-oc
225	I'M IN OVER MY HEAD	https://www.youtube.com/shorts/5dpbjBJFhio
226	WHERE HAVE YOU BEEN KEEPING YOURSELF?	https://www.youtube.com/shorts/MUcQDIew6G8
227	IT DOESN'T RING A BELL	https://www.youtube.com/shorts/sjWpid620Hw
228	YOU HAVEN'T LOST YOUR TOUCH	https://www.youtube.com/shorts/zKfl_HGiV-c
229	I'M JUST NOT UP FOR IT	https://www.youtube.com/shorts/i_azz1odI7g
230	IT TAKES ONE TO KNOW ONE	https://www.youtube.com/shorts/f2Fe6H6TJCE
231	I'LL MAKE IT UP TO YOU	https://www.youtube.com/shorts/bMlP0Efhp6s
232	HOW ARE YOU HOLDING UP?	https://www.youtube.com/shorts/MDCpRJ3bbvU
233	NOT THAT I KNOW OF	https://www.youtube.com/shorts/0OQP5ah3kJo
234	IS THAT A THING?	https://www.youtube.com/shorts/aYvqAVr5PTU
235	WHY WOULD WE DO THAT?	https://www.youtube.com/shorts/6_F5yJ7hkeo
